kind,route,file,http,editorialReview,workflowExecution,note
mdx,/blog/4-cach-giup-ai-giai-thich-de-hieu/,src/content/4-cach-giup-ai-giai-thich-de-hieu.mdx,200,reviewed,not_run,"Nguồn Karpathy đúng qua bài gốc 02/10/2026; bỏ đổ lỗi người đọc và hiệu quả gấp nhiều lần, thêm bước kiểm dữ kiện khi đổi định dạng."
mdx,/blog/5-viec-lat-vat-giao-hermes/,src/content/5-viec-lat-vat-giao-hermes.mdx,200,reviewed,not_run,"Có cấu trúc thực dụng/nguồn hoặc giới hạn; giữ, theo dõi độ mới. Chưa xác nhận tái hiện end-to-end trong lượt audit này."
mdx,/blog/7-ngay-dau-voi-hermes/,src/content/7-ngay-dau-voi-hermes.mdx,200,reviewed,not_run,"Lộ trình có ích; bỏ bảo đảm cuối tuần thấy khác biệt, điều kiện lịch phải rõ."
mdx,/bat-dau/cai-hermes-desktop-mac/,src/content/bat-dau/cai-hermes-desktop-mac.mdx,200,reviewed,not_run,Có phân biệt Apple Silicon/bootstrap; chưa cài sạch end-to-end.
mdx,/bat-dau/cai-hermes-desktop-windows/,src/content/bat-dau/cai-hermes-desktop-windows.mdx,200,reviewed,not_run,Luồng package phù hợp docs; khoảng 10 phút không phải benchmark; chưa cài sạch end-to-end.
mdx,/bat-dau/chon-nha-cung-cap-api/,src/content/bat-dau/chon-nha-cung-cap-api.mdx,200,reviewed,not_run,"Có cấu trúc thực dụng/nguồn hoặc giới hạn; giữ, theo dõi độ mới. Chưa xác nhận tái hiện end-to-end trong lượt audit này."
mdx,/bat-dau/dang-ky-nous-portal/,src/content/bat-dau/dang-ky-nous-portal.mdx,200,reviewed,not_run,"Cần link đăng ký chính thức trực tiếp, không chỉ tìm trên homepage; chưa UAT tài khoản mới."
mdx,/bat-dau/hermes-agent-la-gi/,src/content/bat-dau/hermes-agent-la-gi.mdx,200,reviewed,not_run,Cần sửa so sánh tuyệt đối chatbot chỉ biết nói; phân biệt với bài blog gần trùng.
mdx,/bat-dau/thanh-toan-tu-viet-nam/,src/content/bat-dau/thanh-toan-tu-viet-nam.mdx,200,reviewed,not_run,"Có cấu trúc thực dụng/nguồn hoặc giới hạn; giữ, theo dõi độ mới. Chưa xác nhận tái hiện end-to-end trong lượt audit này."
mdx,/blog/hermes-agent-la-gi/,src/content/hermes-agent-la-gi.mdx,200,reviewed,not_run,Cần đổi heading chatbot chỉ biết nói; lời hứa mọi thao tác không cần lệnh quá rộng; trùng intent bài Bắt đầu.
mdx,/blog/hermes-giup-cong-chuc-lam-gi/,src/content/hermes-giup-cong-chuc-lam-gi.mdx,200,reviewed,not_run,"Có cấu trúc thực dụng/nguồn hoặc giới hạn; giữ, theo dõi độ mới. Chưa xác nhận tái hiện end-to-end trong lượt audit này."
mdx,/huong-dan/bao-mat-hermes-thong-tin-ca-nhan/,src/content/huong-dan/bao-mat-hermes-thong-tin-ca-nhan.mdx,200,reviewed,not_run,"Có cấu trúc thực dụng/nguồn hoặc giới hạn; giữ, theo dõi độ mới. Chưa xác nhận tái hiện end-to-end trong lượt audit này."
mdx,/huong-dan/bo-nao-thu-hai-obsidian/,src/content/huong-dan/bo-nao-thu-hai-obsidian.mdx,200,reviewed,not_run,"Có cấu trúc thực dụng/nguồn hoặc giới hạn; giữ, theo dõi độ mới. Chưa xác nhận tái hiện end-to-end trong lượt audit này."
mdx,/huong-dan/bo-nao-van-ban-phap-ly/,src/content/huong-dan/bo-nao-van-ban-phap-ly.mdx,200,reviewed,not_run,"Có cấu trúc thực dụng/nguồn hoặc giới hạn; giữ, theo dõi độ mới. Chưa xác nhận tái hiện end-to-end trong lượt audit này."
mdx,/huong-dan/hermes-cong-vu-an-toan/,src/content/huong-dan/hermes-cong-vu-an-toan.mdx,200,reviewed,not_run,"Có cấu trúc thực dụng/nguồn hoặc giới hạn; giữ, theo dõi độ mới. Chưa xác nhận tái hiện end-to-end trong lượt audit này."
mdx,/huong-dan/hoc-tieng-anh/,src/content/huong-dan/hoc-tieng-anh.mdx,200,reviewed,not_run,Đã phân biệt chép lời với phát âm; prompt mỗi ngày cần nói rõ không tự tạo lịch.
mdx,/huong-dan/len-ke-hoach-du-lich/,src/content/huong-dan/len-ke-hoach-du-lich.mdx,200,reviewed,not_run,"Ưu tiên sửa: thiếu ngày cụ thể, nơi xuất phát, URL/giờ tra cứu/giá tổng và bước xác nhận trước đặt; hiệu quả thời gian chưa đo."
mdx,/huong-dan/nghien-cuu-token-voi-hermes/,src/content/huong-dan/nghien-cuu-token-voi-hermes.mdx,200,reviewed,not_run,"Có cấu trúc thực dụng/nguồn hoặc giới hạn; giữ, theo dõi độ mới. Chưa xác nhận tái hiện end-to-end trong lượt audit này."
mdx,/huong-dan/nghien-cuu-truoc-khi-mua/,src/content/huong-dan/nghien-cuu-truoc-khi-mua.mdx,200,reviewed,not_run,"Ưu tiên sửa: bán chạy/độ bền không có nguồn bắt buộc, thiếu ngày giá/bảo hành và không tự mua."
mdx,/huong-dan/nhac-viec-va-lich/,src/content/huong-dan/nhac-viec-va-lich.mdx,200,reviewed,not_run,Body có bước kiểm tốt nhưng title/meta vẫn không sót/nhắc đúng giờ; điều kiện kênh/scheduler cần trước prompt.
mdx,/huong-dan/soan-thong-bao-mau-cong-vu/,src/content/huong-dan/soan-thong-bao-mau-cong-vu.mdx,200,reviewed,not_run,"Có cấu trúc thực dụng/nguồn hoặc giới hạn; giữ, theo dõi độ mới. Chưa xác nhận tái hiện end-to-end trong lượt audit này."
mdx,/huong-dan/theo-doi-van-ban-moi/,src/content/huong-dan/theo-doi-van-ban-moi.mdx,200,reviewed,not_run,"Kết quả không có dữ liệu nội bộ là điều kiện đầu vào, không bảo đảm kỹ thuật; không mở trang khác mâu thuẫn đọc trang chi tiết; chưa UAT workflow."
mdx,/huong-dan/tom-tat-tin-tuc-moi-sang/,src/content/huong-dan/tom-tat-tin-tuc-moi-sang.mdx,200,reviewed,not_run,"Có cấu trúc thực dụng/nguồn hoặc giới hạn; giữ, theo dõi độ mới. Chưa xác nhận tái hiện end-to-end trong lượt audit này."
mdx,/huong-dan/tong-hop-van-ban-cong-khai/,src/content/huong-dan/tong-hop-van-ban-cong-khai.mdx,200,reviewed,not_run,"Có cấu trúc thực dụng/nguồn hoặc giới hạn; giữ, theo dõi độ mới. Chưa xác nhận tái hiện end-to-end trong lượt audit này."
mdx,/huong-dan/tro-ly-email/,src/content/huong-dan/tro-ly-email.mdx,200,reviewed,not_run,Ưu tiên sửa: ranh giới email khách/cơ quan cần trước prompt; nhớ tông không mặc định; kiểm cam kết/ngày/người nhận.
mdx,/huong-dan/vong-lap-tu-cai-thien/,src/content/huong-dan/vong-lap-tu-cai-thien.mdx,200,reviewed,not_run,Cần tách quy tắc khỏi bảo mật cloud; bớt hứa backup tự lo/hiệu quả đã tăng chưa có đo; không đồng nhất dev agents với worker cộng đồng.
mdx,/blog/soul-md-la-gi/,src/content/soul-md-la-gi.mdx,200,reviewed,not_run,Cần bỏ SOUL quyết định nhớ bạn/không công cụ chat thường có; đối chiếu glossary.
case,/cau-chuyen/hermes-nghien-cuu-token-bo-nao-thu-hai/,src/lib/case-studies.ts,200,reviewed,not_run,"Có cấu trúc thực dụng/nguồn hoặc giới hạn; giữ, theo dõi độ mới. Chưa xác nhận tái hiện end-to-end trong lượt audit này."
case,/cau-chuyen/kinh-nghiem-ban-tin-6h30/,src/lib/case-studies.ts,200,reviewed,not_run,"Có cấu trúc thực dụng/nguồn hoặc giới hạn; giữ, theo dõi độ mới. Chưa xác nhận tái hiện end-to-end trong lượt audit này."
case,/cau-chuyen/kinh-nghiem-bo-nao-thu-hai/,src/lib/case-studies.ts,200,reviewed,not_run,"Có cấu trúc thực dụng/nguồn hoặc giới hạn; giữ, theo dõi độ mới. Chưa xác nhận tái hiện end-to-end trong lượt audit này."
case,/cau-chuyen/reddit-3-months-hermes/,src/lib/case-studies.ts,200,reviewed,not_run,"Giữ lesson thực tế; số vote/chi phí/90 ngày là snapshot tác giả, SOUL bất biến không là quy định sản phẩm."
case,/cau-chuyen/hn-homelab-sysadmin/,src/lib/case-studies.ts,200,reviewed,not_run,"Có cấu trúc thực dụng/nguồn hoặc giới hạn; giữ, theo dõi độ mới. Chưa xác nhận tái hiện end-to-end trong lượt audit này."
case,/cau-chuyen/networkchuck/,src/lib/case-studies.ts,200,reviewed,not_run,"Có cấu trúc thực dụng/nguồn hoặc giới hạn; giữ, theo dõi độ mới. Chưa xác nhận tái hiện end-to-end trong lượt audit này."
case,/cau-chuyen/devto-7-agents/,src/lib/case-studies.ts,200,reviewed,not_run,Ưu tiên biên tập lại: nguồn có funnel bán playbook; 99.5% tự công bố; dịch CEO 22:00 lệch nguồn 23:00; không khuyên nội dung factory như chuẩn của site.
case,/cau-chuyen/pacmanpill/,src/lib/case-studies.ts,200,reviewed,not_run,"Có cấu trúc thực dụng/nguồn hoặc giới hạn; giữ, theo dõi độ mới. Chưa xác nhận tái hiện end-to-end trong lượt audit này."
case,/cau-chuyen/godzillaton/,src/lib/case-studies.ts,200,reviewed,not_run,Ưu tiên sửa: tự host harness không chứng minh không phụ thuộc cloud; auto-send tin công trường cần cảnh báo duyệt mạnh.
case,/cau-chuyen/rodgezee/,src/lib/case-studies.ts,200,reviewed,not_run,"Ưu tiên sửa: SECRETS.md/need-to-know không chứng minh cô lập; chi phí gần bằng không tự kể, không khẳng định chung."
case,/cau-chuyen/kenmazaika/,src/lib/case-studies.ts,200,reviewed,not_run,Giữ phần thất bại loop; ngừng nghĩ về việc đó không có nghĩa bỏ monitoring; giá phần cứng là lịch sử.
case,/cau-chuyen/jarvis-for-kid/,src/lib/case-studies.ts,200,reviewed,not_run,Có lesson xác minh rất tốt; thêm ranh giới trẻ em/cloud/mic và mức kiểm chứng nguồn.
case,/cau-chuyen/holmebengt-dreaming-3am/,src/lib/case-studies.ts,200,reviewed,not_run,Ưu tiên sửa: không có endpoint gửi không chứng minh dữ liệu không thể ra mạng; chỉ là tác giả mô tả chưa kiểm toán; health/calorie không tư vấn.
case,/cau-chuyen/riceinmybelly-job-site/,src/lib/case-studies.ts,200,reviewed,not_run,Giữ vận hành có kiểm; ghi rõ 517 điểm/version/patch là lịch sử tự kể; thiếu as-of bản nguồn.
case,/cau-chuyen/jonathan-rivera-obsidian-memory/,src/lib/case-studies.ts,200,reviewed,not_run,"Giữ hệ file thực dụng; 794 điểm/9000 ký tự/ngưỡng67% là setup tác giả, không default Hermes; cần ngày nguồn."
case,/cau-chuyen/kenmazaika-dictate-y-tuong/,src/lib/case-studies.ts,200,reviewed,not_run,"Có cấu trúc thực dụng/nguồn hoặc giới hạn; giữ, theo dõi độ mới. Chưa xác nhận tái hiện end-to-end trong lượt audit này."
case,/cau-chuyen/squishydata-20-tin-hieu/,src/lib/case-studies.ts,200,reviewed,not_run,"Có cấu trúc thực dụng/nguồn hoặc giới hạn; giữ, theo dõi độ mới. Chưa xác nhận tái hiện end-to-end trong lượt audit này."
library,/thu-vien/100-prompt-theo-nghe.md,public/thu-vien/100-prompt-theo-nghe.md,200,reviewed,not_run,"Có cấu trúc thực dụng/nguồn hoặc giới hạn; giữ, theo dõi độ mới. Chưa xác nhận tái hiện end-to-end trong lượt audit này."
library,/thu-vien/bo-skills-chon-loc.md,public/thu-vien/bo-skills-chon-loc.md,200,reviewed,not_run,"Có cấu trúc thực dụng/nguồn hoặc giới hạn; giữ, theo dõi độ mới. Chưa xác nhận tái hiện end-to-end trong lượt audit này."
library,/thu-vien/checklist-cai-dat.md,public/thu-vien/checklist-cai-dat.md,200,reviewed,not_run,Ưu tiên sửa: còn link Hermes-Setup bootstrap trái tutorial package Desktop; nên dẫn trang Desktop chính thức.
library,/thu-vien/chon-model-hermes.md,public/thu-vien/chon-model-hermes.md,200,reviewed,not_run,"Có cấu trúc thực dụng/nguồn hoặc giới hạn; giữ, theo dõi độ mới. Chưa xác nhận tái hiện end-to-end trong lượt audit này."
library,/thu-vien/kinh-nghiem-cong-dong-agent.md,public/thu-vien/kinh-nghiem-cong-dong-agent.md,200,reviewed,not_run,"Có cấu trúc thực dụng/nguồn hoặc giới hạn; giữ, theo dõi độ mới. Chưa xác nhận tái hiện end-to-end trong lượt audit này."
library,/thu-vien/skill-ban-tin-sang.md,public/thu-vien/skill-ban-tin-sang.md,200,reviewed,not_run,"Có cấu trúc thực dụng/nguồn hoặc giới hạn; giữ, theo dõi độ mới. Chưa xác nhận tái hiện end-to-end trong lượt audit này."
library,/thu-vien/soul-mau-gia-dinh.md,public/thu-vien/soul-mau-gia-dinh.md,200,reviewed,not_run,"Có cấu trúc thực dụng/nguồn hoặc giới hạn; giữ, theo dõi độ mới. Chưa xác nhận tái hiện end-to-end trong lượt audit này."
library,/thu-vien/soul-mau-kinh-doanh.md,public/thu-vien/soul-mau-kinh-doanh.md,200,reviewed,not_run,"Có cấu trúc thực dụng/nguồn hoặc giới hạn; giữ, theo dõi độ mới. Chưa xác nhận tái hiện end-to-end trong lượt audit này."
library,/thu-vien/soul-mau-van-phong.md,public/thu-vien/soul-mau-van-phong.md,200,reviewed,not_run,"Có cấu trúc thực dụng/nguồn hoặc giới hạn; giữ, theo dõi độ mới. Chưa xác nhận tái hiện end-to-end trong lượt audit này."
library,/thu-vien/vong-lap-tu-cai-thien.md,public/thu-vien/vong-lap-tu-cai-thien.md,200,reviewed,not_run,"Có cấu trúc thực dụng/nguồn hoặc giới hạn; giữ, theo dõi độ mới. Chưa xác nhận tái hiện end-to-end trong lượt audit này."
